EmployeeIndex,Attrition_Probability
777,0.88615433827832
892,0.8270591270996392
1222,0.8214187402300438
1311,0.8051404722672377
494,0.7269859810902035
439,0.6893264067937419
1167,0.683323902733635
744,0.6798945350782338
422,0.6741149692822052
946,0.6546448775252941
